{"cameraMode":{"drawMode":0,"name":"Shaded","section":"Shading Mode"},"sceneLighting":false,"audioPlay":false,"sceneViewState":{"showFog":true,"showMaterialUpdate":false,"showSkybox":false,"showFlares":true,"showImageEffects":true,"showParticleSystems":true,"showVisualEffectGraphs":true,"m_FxEnabled":true},"in2DMode":false,"pivot":{"x":59.23624801635742,"y":62.195045471191409,"z":-64.11778259277344},"rotation":{"x":0.37250223755836489,"y":0.029222438111901284,"z":-0.011750160716474057,"w":0.9275093674659729},"size":5.9830827713012699,"orthographic":false}